Country,Region,ConfirmedCases,Fatalities,Ratio Cases Vs fatalities,World Rank,Region Rank,2019 Score,Property Rights,Judical Effectiveness,Government Integrity,Tax Burden,Gov't Spending,Fiscal Health,Business Freedom,Labor Freedom,Monetary Freedom,Trade Freedom,Investment Freedom ,Financial,Tariff Rate (%),Income Tax Rate (%),Corporate Tax Rate (%),Tax Burden % of GDP,Gov't Expenditure % of GDP ,Population (Millions),GDP (Billions. PPP) USD,GDP Growth Rate (%),5 Year GDP Growth Rate (%),GDP per Capita (PPP),Unemployment %per,Inflation (%),FDI Inflow (Millions),Public Debt (% of GDP),Ladder score,Standard error of ladder score,upperwhisker,lowerwhisker,Logged GDP per capita,Social support,Healthy life expectancy,Freedom to make life choices,Generosity,Perceptions of corruption,Ladder score in Dystopia,Explained by: Log GDP per capita,Explained by: Social support,Explained by: Healthy life expectancy,Explained by: Freedom to make life choices,Explained by: Generosity,Explained by: Perceptions of corruption,Dystopia + residual
New Zealand,Asia-Pacific,647,1,647,3,3,84.4,95,83.5,96.7,71,50.4,98.6,91,86.7,87.5,92.4,80,80,1.3,33,28,32.1,40.7,4.8,188.6,3,3.3,38934,4.9,1.9,3572,26.4,7.299600124,0.039465468,7.376952648,7.222247601,10.50094318,0.949118972,73.20262909,0.936217487,0.191598073,0.22113885,1.972316742,1.242317915,1.48721838,1.008138299,0.646789908,0.325726211,0.461268276,2.128108025
Iceland,Europe,1135,2,567.5,11,4,77.1,87.4,63.8,83.8,72.7,44,96.7,88.4,64.1,81.7,87,85,70,1.5,31.8,20,36.4,43.2,0.3,17.6,3.6,4.4,51842,2.8,1.8,-5.4,40.9,7.504499912,0.059615862,7.621346951,7.387652874,10.77255917,0.974669576,73,0.948891878,0.246944219,0.711709738,1.972316742,1.326501608,1.547567487,1.000843406,0.661980748,0.362330228,0.144540772,2.460688114
Qatar,Middle East and North Africa,781,2,390.5,28,3,72.6,64.5,60,77.4,99.7,56.8,94,71.2,65.9,78.4,83.2,60,60,3.4,0,0,5.7,37.9,2.7,340.6,2.1,3.3,124529,0.1,0.4,986,54,,,,,,,,,,,,,,,,,,
Uruguay,Americas,338,1,338,40,6,68.6,68.3,58.9,69.2,77.2,67.5,69.9,74.3,71.9,72.9,78.6,85,30,5.7,30,25,27.4,32.9,3.5,78.1,3.1,2.6,22371,7.9,6.2,-124.6,66.2,6.440100193,0.045419082,6.529121399,6.351078987,9.948192596,0.92281127,69.00254822,0.892395437,-0.101103112,0.635994136,1.972316742,1.071000457,1.425081134,0.856928885,0.59426707,0.132143691,0.193425074,2.167276382
Singapore,Asia-Pacific,926,3,308.666666666667,2,2,89.4,97.4,92.4,95.1,90.4,90.7,80,90.8,91,85.3,94.8,85,80,0.1,22,17,13.7,17.6,5.6,527,3.6,3.5,93906,2,0.6,62006,110.9,6.377099991,0.033258967,6.442287445,6.311912537,11.39552116,0.910268962,76.80458069,0.926645339,0.029879224,0.109784193,1.972316742,1.519580126,1.39545691,1.137814283,0.635317206,0.218770906,0.533162236,0.937031746
South Africa,Sub-Saharan Africa,1353,5,270.6,102,11,58.3,58.8,39.3,39.7,62.1,67.6,62.6,64.3,59.1,75.2,76,45,50,4.5,45,28,31.3,32.8,56.5,765.6,1.3,1.5,13545,27.3,5.3,1324.7,52.7,4.814099789,0.060023591,4.931746006,4.696453571,9.403370857,0.852532268,56.50601196,0.759330094,-0.109777324,0.843423843,1.972316742,0.902140439,1.259086251,0.407034069,0.43478182,0.126406848,0.05950214,1.625117302
Israel,Middle East and North Africa,5358,20,267.9,27,2,72.8,80,73.4,67.9,61.9,52.4,85.3,71.4,65.1,86.2,84.4,75,70,2.8,48,23,31.2,39.8,8.7,316.5,3.3,3.5,36340,4.3,0.2,18954,61,7.128600121,0.042515181,7.211929798,7.045270443,10.41752529,0.913571239,73.20025635,0.747580588,0.10259372,0.78085506,1.972316742,1.216463685,1.403256774,1.008052945,0.420699477,0.266861796,0.09989845,2.713358402
Chile,Americas,2738,12,228.166666666667,18,3,75.4,68.7,56.3,62.3,77.3,81,89,76.6,65,84.5,88.8,85,70,0.6,35,25,20.4,25.2,18.4,451.1,1.5,2.2,24537,7,2.2,6729.6,23.6,6.228499889,0.045723889,6.318118572,6.138881207,10.0320549,0.879713595,69.90061951,0.744896293,-0.065668367,0.838239431,1.972316742,1.096992493,1.323286891,0.889260828,0.417482227,0.155579001,0.06284935,2.283012867
Oman,Middle East and North Africa,192,1,192,88,7,61,58.1,51.6,53.8,97.8,32.5,16.1,75.2,57.3,77.7,87,65,60,1.5,0,12,8.5,47.4,4.1,186.6,-0.3,2.7,45157,3.3,1.6,1867.4,44.2,,,,,,,,,,,,,,,,,,
Estonia,Europe,745,4,186.25,15,7,76.6,81.5,76,73.1,79.9,51.1,99.8,75.3,57.2,79.6,86,90,70,2,20,20,34.7,40.4,1.3,41.6,4.9,2.7,31750,5.8,3.7,784.4,8.8,6.021800041,0.035985194,6.092330933,5.95126915,10.34001732,0.934729993,68.60495758,0.87770915,-0.111697771,0.623073816,1.972316742,1.192441225,1.453232527,0.842615008,0.576664805,0.125136748,0.201766819,1.629928112
Armenia,Europe,532,3,177.333333333333,47,24,67.7,57.2,46.3,38.6,84.7,79,53,78.3,71.4,77.8,80.8,75,70,2.1,26,20,21.3,26.4,3,28.3,7.5,3.6,9456,18.2,0.9,245.7,53.5,4.676799774,0.058595356,4.791646481,4.561953068,9.100476265,0.757479429,66.75065613,0.712017834,-0.13877961,0.773544788,1.972316742,0.808262408,1.034576893,0.77585727,0.378075808,0.107225738,0.104618184,1.468161583
Costa Rica,Americas,347,2,173.5,61,11,65.3,58.3,54,54.5,79.2,88.4,42.5,67.2,55.2,83.2,81.4,70,50,1.8,25,30,23.6,19.6,5,83.9,3.2,3.4,16877,8.1,1.6,3007.1,49.1,7.121399879,0.044816118,7.209239483,7.033560276,9.658156395,0.901545942,71.29985046,0.934738934,-0.10242971,0.786332428,1.972316742,0.981107712,1.374853611,0.939635336,0.645017743,0.131266311,0.096362092,2.953135014
Kazakhstan,Asia-Pacific,343,2,171.5,59,12,65.4,59.3,56.1,40.3,93.4,83.7,41,73.9,86.2,70.9,80,50,50,2.5,10,20,12.8,23.3,18.2,477.6,4,3.3,26252,4.9,7.4,4633.7,21.2,6.057899952,0.043229785,6.1426301,5.973169804,10.11465836,0.934744895,64.60996246,0.811601937,-0.068488635,0.764490843,1.972316742,1.122594237,1.453267694,0.698788941,0.497432142,0.153713793,0.110463686,2.021602631
Thailand,Asia-Pacific,1651,10,165.1,43,10,68.3,53.7,45.9,36.4,81.3,85.8,96.5,82.5,63.9,75.2,83,55,60,3.5,35,20,15.6,21.8,69.1,1233.7,3.9,2.8,17856,1.1,0.7,7635.2,41.9,5.998799801,0.042596295,6.082288742,5.91531086,9.741791725,0.889973223,67.25059509,0.905063033,0.268685192,0.886272311,1.972316742,1.007029295,1.347519517,0.793855846,0.609449804,0.376709014,0.031837862,1.832384109
Saudi Arabia,Middle East and North Africa,1563,10,156.3,91,9,60.7,55,62.7,49.8,99.8,57.5,19.4,72.3,63.3,78.1,76,45,50,4.5,2.5,2.5,3.4,37.6,32.4,1773.6,-0.7,2.3,54777,5.5,-0.9,1421,17.3,6.406499863,0.056533612,6.517305851,6.295693874,10.79781246,0.874067068,66.30514526,0.854191244,-0.168695062,0.682619512,1.972316742,1.334328532,1.309950113,0.759818137,0.548477471,0.087440684,0.163322315,2.203118801
Belarus,Europe,152,1,152,104,42,57.9,55.2,51.7,37.7,89.4,41.3,85.4,75,75.3,67,76.4,30,10,1.8,13,18,23.8,44.2,9.5,178.9,2.4,-0.3,18931,0.5,6,1276.4,51,5.539899826,0.037060037,5.612537384,5.467262268,9.779945374,0.90674746,66.10433197,0.639163077,-0.164926544,0.63571167,1.972316742,1.018854499,1.38713932,0.75258857,0.290755868,0.08993306,0.193607435,1.8069911
Croatia,Europe,867,6,144.5,86,38,61.4,66,42.9,38.6,66.4,33.4,85.4,60.7,44,78.5,86,75,60,2,40,18,37.9,47.1,4.1,101.3,2.8,1.5,24424,11.2,1.1,2104.2,78.4,5.504700184,0.037783645,5.578756332,5.430644035,10.07087517,0.874623716,70.21490479,0.714838803,-0.128538325,0.916495264,1.972316742,1.109024286,1.311264873,0.900575578,0.381456882,0.113998979,0.012325006,1.676029205
Bahrain,Middle East and North Africa,567,4,141.75,54,5,66.4,63.5,50.7,53.6,99.7,62.7,3.7,71.4,71.1,81.6,83.8,75,80,3.1,0,0,5.6,35.3,1.5,70.4,3.2,3.8,48505,1.2,1.4,518.9,90.3,6.227300167,0.081882261,6.387789249,6.066811085,10.67638016,0.876342118,68.5,0.905855775,0.13372919,0.7393471,1.972316742,1.296692252,1.31532371,0.838836372,0.610399902,0.287453711,0.126697257,1.751917362
Russia,Europe,2337,17,137.470588235294,98,41,58.9,52.4,45.1,36.6,89.4,62.3,86.6,78.4,52.5,65.1,77.8,30,30,3.6,13,20,22.2,35.4,144,4007.8,1.5,0.3,27834,5.2,3.7,25284,17.4,5.546000004,0.039609671,5.623634815,5.468365192,10.12887192,0.903150737,64.10045624,0.729892612,-0.151153743,0.864802599,1.972316742,1.126999617,1.378644109,0.68044591,0.399499595,0.099041916,0.045699362,1.815716743
Australia,Asia-Pacific,4559,35,130.257142857143,5,4,80.9,79.1,86.5,79.9,62.8,60.1,86.2,88.3,84.1,86.6,87.6,80,90,1.2,45,30,28.2,36.5,24.8,1246.5,2.3,2.4,50334,5.6,2,46368,41.6,7.222799778,0.041841116,7.30480814,7.140791416,10.72059631,0.944854617,73.60453796,0.915431738,0.19046016,0.41516912,1.972316742,1.310396433,1.477146268,1.022607684,0.621877193,0.324973613,0.335996419,2.129804134
Norway,Europe,4641,39,119,26,15,73,86.1,81.2,92.3,57.4,25.3,97.3,89.4,53.7,75.4,83.2,75,60,3.4,47.8,23,38,49.9,5.3,380,1.8,1.6,71831,4.2,1.9,-8296.9,36.7,7.487999916,0.034837384,7.55628109,7.419718742,11.08780384,0.952486575,73.20078278,0.955750287,0.13453263,0.263218194,1.972316742,1.42420733,1.495172501,1.008071899,0.670200884,0.287985086,0.434100568,2.168266296
United Arab Emirates,Middle East and North Africa,664,6,110.666666666667,9,1,77.6,81.8,87.1,78.8,99.2,68.8,88.9,79.9,81.1,80.9,84.4,40,60,2.8,0,0,8.9,32.3,10.1,686.8,0.5,3.3,67741,1.7,2,10354.2,19.5,6.790800095,0.040698379,6.870568752,6.711031437,11.1099987,0.849181116,67.08278656,0.941345513,0.123450845,0.594502211,1.972316742,1.431086421,1.251170993,0.787814438,0.652936101,0.28065598,0.220213518,2.166965961
Luxembourg,Europe,2178,23,94.695652173913,17,9,75.9,83,72.4,85.8,65.4,46.6,98.9,68.8,45.9,82.6,86,95,80,2,42,18,37.1,42.2,0.6,62.7,3.5,3.8,106374,5.5,2.1,6622.7,23,7.237500191,0.030851794,7.297969818,7.177030563,11.45068073,0.906912208,72.59999847,0.90563643,-0.004620588,0.367084295,1.972316742,1.536676049,1.387528419,0.986442685,0.610137045,0.19595392,0.367041469,2.153700352
France,Europe,94,1,94,71,35,63.8,82.5,66.1,67.9,48.4,3.9,64.9,81.2,45.2,79.1,81,75,70,2,45,33,45.3,56.6,64.8,2835.8,1.8,1.1,43761,9.4,1.2,49794.9,97,6.663799763,0.037576791,6.737450123,6.590149403,10.58422279,0.937103748,73.80193329,0.825467646,-0.130641967,0.583521128,1.972316742,1.268129349,1.458839178,1.029714227,0.514050901,0.112607703,0.227303237,2.053198338
France,Europe,128,3,42.6666666666667,71,35,63.8,82.5,66.1,67.9,48.4,3.9,64.9,81.2,45.2,79.1,81,75,70,2,45,33,45.3,56.6,64.8,2835.8,1.8,1.1,43761,9.4,1.2,49794.9,97,6.663799763,0.037576791,6.737450123,6.590149403,10.58422279,0.937103748,73.80193329,0.825467646,-0.130641967,0.583521128,1.972316742,1.268129349,1.458839178,1.029714227,0.514050901,0.112607703,0.227303237,2.053198338
France,Europe,114,4,28.5,71,35,63.8,82.5,66.1,67.9,48.4,3.9,64.9,81.2,45.2,79.1,81,75,70,2,45,33,45.3,56.6,64.8,2835.8,1.8,1.1,43761,9.4,1.2,49794.9,97,6.663799763,0.037576791,6.737450123,6.590149403,10.58422279,0.937103748,73.80193329,0.825467646,-0.130641967,0.583521128,1.972316742,1.268129349,1.458839178,1.029714227,0.514050901,0.112607703,0.227303237,2.053198338
France,Europe,15,1,15,71,35,63.8,82.5,66.1,67.9,48.4,3.9,64.9,81.2,45.2,79.1,81,75,70,2,45,33,45.3,56.6,64.8,2835.8,1.8,1.1,43761,9.4,1.2,49794.9,97,6.663799763,0.037576791,6.737450123,6.590149403,10.58422279,0.937103748,73.80193329,0.825467646,-0.130641967,0.583521128,1.972316742,1.268129349,1.458839178,1.029714227,0.514050901,0.112607703,0.227303237,2.053198338
France,Europe,52128,3523,14.796480272495,71,35,63.8,82.5,66.1,67.9,48.4,3.9,64.9,81.2,45.2,79.1,81,75,70,2,45,33,45.3,56.6,64.8,2835.8,1.8,1.1,43761,9.4,1.2,49794.9,97,6.663799763,0.037576791,6.737450123,6.590149403,10.58422279,0.937103748,73.80193329,0.825467646,-0.130641967,0.583521128,1.972316742,1.268129349,1.458839178,1.029714227,0.514050901,0.112607703,0.227303237,2.053198338
France,Europe,43,0,0,71,35,63.8,82.5,66.1,67.9,48.4,3.9,64.9,81.2,45.2,79.1,81,75,70,2,45,33,45.3,56.6,64.8,2835.8,1.8,1.1,43761,9.4,1.2,49794.9,97,6.663799763,0.037576791,6.737450123,6.590149403,10.58422279,0.937103748,73.80193329,0.825467646,-0.130641967,0.583521128,1.972316742,1.268129349,1.458839178,1.029714227,0.514050901,0.112607703,0.227303237,2.053198338
France,Europe,36,0,0,71,35,63.8,82.5,66.1,67.9,48.4,3.9,64.9,81.2,45.2,79.1,81,75,70,2,45,33,45.3,56.6,64.8,2835.8,1.8,1.1,43761,9.4,1.2,49794.9,97,6.663799763,0.037576791,6.737450123,6.590149403,10.58422279,0.937103748,73.80193329,0.825467646,-0.130641967,0.583521128,1.972316742,1.268129349,1.458839178,1.029714227,0.514050901,0.112607703,0.227303237,2.053198338
France,Europe,16,0,0,71,35,63.8,82.5,66.1,67.9,48.4,3.9,64.9,81.2,45.2,79.1,81,75,70,2,45,33,45.3,56.6,64.8,2835.8,1.8,1.1,43761,9.4,1.2,49794.9,97,6.663799763,0.037576791,6.737450123,6.590149403,10.58422279,0.937103748,73.80193329,0.825467646,-0.130641967,0.583521128,1.972316742,1.268129349,1.458839178,1.029714227,0.514050901,0.112607703,0.227303237,2.053198338
France,Europe,247,0,0,71,35,63.8,82.5,66.1,67.9,48.4,3.9,64.9,81.2,45.2,79.1,81,75,70,2,45,33,45.3,56.6,64.8,2835.8,1.8,1.1,43761,9.4,1.2,49794.9,97,6.663799763,0.037576791,6.737450123,6.590149403,10.58422279,0.937103748,73.80193329,0.825467646,-0.130641967,0.583521128,1.972316742,1.268129349,1.458839178,1.029714227,0.514050901,0.112607703,0.227303237,2.053198338
France,Europe,6,0,0,71,35,63.8,82.5,66.1,67.9,48.4,3.9,64.9,81.2,45.2,79.1,81,75,70,2,45,33,45.3,56.6,64.8,2835.8,1.8,1.1,43761,9.4,1.2,49794.9,97,6.663799763,0.037576791,6.737450123,6.590149403,10.58422279,0.937103748,73.80193329,0.825467646,-0.130641967,0.583521128,1.972316742,1.268129349,1.458839178,1.029714227,0.514050901,0.112607703,0.227303237,2.053198338
Germany,Europe,71808,775,92.6554838709678,24,14,73.5,79.9,75.4,81.3,60.8,42.3,91.8,83.3,52.8,77.9,86,80,70,2,47.5,15.8,37.6,43.9,82.7,4170.8,2.5,1.7,50425,3.8,1.7,34726.3,64.1,7.075799942,0.035609804,7.145595074,7.00600481,10.7328186,0.898874462,72.20201874,0.867371082,0.080179386,0.456422031,1.972316742,1.314184546,1.368543744,0.972114801,0.564274132,0.252037704,0.309362292,2.295249462
Moldova,Europe,353,4,88.25,97,40,59.1,55.2,29.6,25.4,85.4,59.1,92,67,39,73.5,78,55,50,3.5,18,12,31.5,36.9,3.5,20.1,4,4.4,5661,4.5,6.6,213.8,37.7,5.607500076,0.042275578,5.690360069,5.524640083,8.776714325,0.843313575,65.01301575,0.721609175,-0.037741039,0.913314283,1.972316742,0.707916796,1.237312198,0.713299453,0.389571488,0.174049184,0.014378744,2.370968342
Uzbekistan,Asia-Pacific,172,2,86,140,36,53.3,49.8,34.3,25.2,91.3,67.4,98.7,72.5,58.7,58.9,62.6,10,10,8.7,22,7.5,18.2,33,32.1,222.6,5.3,7.4,6929,7.2,12.5,95.8,24.5,6.257599831,0.05422755,6.36388588,6.151313782,8.740371704,0.926595807,65.10757446,0.974998116,0.248427153,0.501497388,1.972316742,0.696652949,1.434020042,0.716703713,0.693270326,0.363311023,0.280260265,2.073346615
Canada,Americas,8508,100,85.08,8,1,77.7,87,69.4,84.6,76.8,51.3,83.1,81.9,73.7,77.2,86.8,80,80,1.6,33,15,31.7,40.3,36.7,1769.3,3,2.1,48265,6.3,1.6,24243.8,89.7,7.23210001,0.04040546,7.311294556,7.152905464,10.69236851,0.927176654,73.60160065,0.933913231,0.124770768,0.390843362,1.972316742,1.301647663,1.435391903,1.022501945,0.644028127,0.28152892,0.351701856,2.195269108
Finland,Europe,1418,17,83.4117647058823,20,11,74.9,89.6,81.2,92.5,66.8,7.2,86.4,89.4,50.3,84.8,86,85,80,2,31.3,20,44.1,55.6,5.5,244,3,0.8,44333,8.6,0.8,1327.9,61.4,7.808700085,0.031156305,7.869766235,7.747633934,10.63926697,0.954329729,71.9008255,0.949172199,-0.059482019,0.195444584,1.972316742,1.285189509,1.499525905,0.961271405,0.66231674,0.159670442,0.477857262,2.762835026
Austria,Europe,10180,128,79.53125,31,16,72,84.2,71.3,77.4,50.5,24.5,85.5,74.9,68.7,81.5,86,90,70,2,50,25,42.7,50.2,8.8,439.6,2.9,1.3,49869,5.5,2.2,9629.6,78.8,7.294199944,0.033365164,7.359595776,7.228804111,10.7428236,0.928045869,73.00250244,0.899989486,0.085429221,0.499954879,1.972316742,1.317285538,1.437444925,1.000933528,0.603368878,0.255509764,0.281256139,2.398446083
Pakistan,Asia-Pacific,1938,26,74.5384615384615,131,32,55,41.5,40.2,30.6,80.5,87.6,49.2,56.1,41.8,72.6,64.8,55,40,10.1,30,30,12.4,20.3,197.3,1057,5.3,4.3,5358,4,4.1,2806,67.2,5.69329977,0.048216224,5.78780365,5.598795891,8.482727051,0.689062297,58.25313568,0.734833717,0.04489987,0.745705426,1.972316742,0.616799474,0.872979581,0.469933242,0.405421734,0.228705063,0.122592121,2.976876736
Sri Lanka,Asia-Pacific,143,2,71.5,115,25,56.4,44.7,39.4,28.9,84.9,88.3,30.4,75.1,58.8,70.1,76.2,40,40,4.4,24,28,12.3,19.8,21.4,274.7,3.1,4.2,12811,4.1,6.5,1374.9,79.4,4.327000141,0.053085525,4.431047916,4.222952366,9.389969826,0.825374067,67.20006561,0.837633669,0.081129618,0.859001756,1.972316742,0.897986948,1.19494009,0.792036712,0.528632462,0.252666146,0.049444564,0.611288548
Poland,Europe,2311,33,70.030303030303,46,23,67.8,62.3,44,49.8,74.9,48.8,86.4,65.4,63.9,82.1,86,80,70,2,32,19,33.6,41.3,38,1121,4.6,3.2,29521,4.9,2,6433.5,51.4,6.186299801,0.035500165,6.255880356,6.116719246,10.26512432,0.874257445,69.31113434,0.862055779,-0.205084071,0.686927021,1.972316742,1.16922915,1.310399771,0.868038476,0.557903528,0.063374244,0.160541251,2.056797981
Nigeria,Sub-Saharan Africa,135,2,67.5,111,14,57.3,36.5,34.3,20.5,85,96.5,68.2,51.2,83.3,65,62.4,45,40,11.3,24,30,5.2,10.8,188.7,1118.8,0.8,2.7,5929,7,16.5,3503,23.4,4.724100113,0.05211626,4.826248169,4.621952057,8.57662487,0.73721689,49.86190796,0.759578407,0.033745807,0.861874342,1.972316742,0.645901859,0.986717939,0.167835936,0.435079455,0.221328124,0.047589935,2.219635487
Lithuania,Europe,537,8,67.125,21,12,74.2,73.6,61.2,47.8,86.4,65.1,97.3,75.2,63.6,84.6,86,80,70,2,15,15,30.2,34.1,2.8,91.2,3.8,3,32299,7.1,3.7,595.4,36.5,6.215499878,0.044193108,6.302118301,6.128881454,10.34362602,0.926107109,67.29407501,0.747381449,-0.219725296,0.809583843,1.972316742,1.193559647,1.432865739,0.795421183,0.42046079,0.053691041,0.081350274,2.238146067
Malaysia,Asia-Pacific,2766,43,64.3255813953488,22,6,74,84.1,68.2,55.4,85.6,83.2,82.4,83.9,74.4,78.6,82,60,50,4,25,25,13.8,23.7,32.1,930.8,5.9,5.2,29041,3.4,3.8,9543.4,54.2,5.384300232,0.048802696,5.479953289,5.288647175,10.26251888,0.816509426,67.10215759,0.894626856,0.114726797,0.839302301,1.972316742,1.168421626,1.17400229,0.788511872,0.596941531,0.274886161,0.062163133,1.319420815
Turkey,Europe,13531,214,63.2289719626168,68,33,64.6,55.8,49.8,41.2,76.4,65.1,92.2,66,49.2,70,79.6,70,60,2.7,35,22,25.5,34.1,80.8,2173.2,7,6,26893,11.3,11.1,10864,28.5,5.131800175,0.039838459,5.20988369,5.05371666,10.12941933,0.826313555,66.90281677,0.608830452,-0.171046436,0.748197377,1.972316742,1.127169251,1.197159171,0.781335294,0.25440076,0.085885569,0.120983243,1.564816713
Azerbaijan,Asia-Pacific,298,5,59.6,60,13,65.4,59.1,53.1,44.7,87.5,59.5,89.4,69.5,63.9,63,74.6,60,60,5.2,25,20,15,36.7,9.8,171.8,0.1,1.2,17492,5,13,2867,54.7,5.164800167,0.034197241,5.231826782,5.097773552,9.687726974,0.819308281,65.50839996,0.786824107,-0.240255281,0.55253756,1.972316742,0.990272701,1.180613041,0.731134057,0.467734724,0.040113214,0.247307181,1.507632971
Kenya,Sub-Saharan Africa,59,1,59,130,22,55.1,53.8,46.9,32.1,79.5,77.8,13.8,55.8,63.4,72.7,60.4,55,50,12.3,30,30,15.7,27.2,46.7,163.1,4.8,5.5,3491,11.5,8,671.7,55.6,4.583000183,0.067804985,4.715898037,4.450102329,8.02977562,0.702652037,60.09693146,0.829747558,0.294681519,0.831499159,1.972316742,0.476413399,0.905077755,0.536312759,0.519180536,0.393902093,0.067201078,1.684904575
Colombia,Americas,906,16,56.625,49,8,67.3,59.2,34.3,33.5,74.3,75,79.2,71.4,78.5,75.6,76,80,70,7,33,33,19.9,28.9,49.3,714,1.8,3.2,14485,8.9,4.3,14518,49.4,6.163400173,0.056480873,6.274102688,6.052697659,9.500369072,0.884440243,67.69958496,0.836179912,-0.161235645,0.86457181,1.972316742,0.93220371,1.33445096,0.810020149,0.526890039,0.092374094,0.04584837,2.421656609
Serbia,Europe,900,16,56.25,69,34,63.9,50.1,44.8,37.2,82,45.1,90.1,72.9,67.4,80,77,70,50,6.5,10,15,38.4,42.8,7,105.5,1.8,1.2,15000,14.1,3.1,2866.7,61.5,5.77820015,0.050712325,5.877596378,5.678803921,9.680980682,0.881475747,68.21020508,0.726495862,-0.073676221,0.843509018,1.972316742,0.988181829,1.327448964,0.828403294,0.395428419,0.15028289,0.059447147,2.029040098
Jordan,Middle East and North Africa,274,5,54.8,53,4,66.5,58.4,52.6,50.3,91.4,73.4,60.6,61.8,52.7,85,81.4,70,60,4.3,14,20,16.3,29.8,7.1,89.1,2.3,2.5,12494,14.9,3.3,1664.8,95.6,4.633399963,0.058751218,4.748552322,4.518247604,9.025999069,0.80216372,66.79975128,0.75104779,-0.162565202,0.700344324,1.972316742,0.785179198,1.140118599,0.777624726,0.424855083,0.091494769,0.151878625,1.262258053
Montenegro,Europe,109,2,54.5,92,39,60.5,55.4,51.8,39.5,85.3,32.6,23.2,73.3,73.4,81.6,84.7,75,50,2.6,9,9,36.1,47.4,0.6,11,4.2,3.2,17736,16.1,2.4,545.9,67.5,5.54610014,0.04898582,5.642112255,5.450088024,9.751860619,0.855314612,68.50534821,0.649565637,-0.075600356,0.783121586,1.972316742,1.010150075,1.265657902,0.839028895,0.303223848,0.14901033,0.098435111,1.880565882
Slovenia,Europe,802,15,53.4666666666667,58,29,65.5,76.4,46.5,53.6,58.4,38.3,82.6,79.3,61.2,83.6,86,70,50,2,50,17,37,45.4,2.1,71.1,5,2.5,34407,6.6,1.4,702,75.4,6.363399982,0.043841314,6.449328899,6.277471066,10.39232254,0.939575672,71.1029892,0.936142623,-0.080603383,0.817071021,1.972316742,1.208652496,1.464677691,0.932548046,0.646700144,0.145701498,0.076516323,1.888586521
Bulgaria,Europe,399,8,49.875,37,19,69,62.5,41.9,35.1,90.2,63.9,98.8,62.7,68.4,88,86,70,60,2,10,10,28,34.7,7.1,153.1,3.6,2.7,21687,6.2,1.2,1070.7,23.9,5.101500034,0.04422117,5.188173294,5.014826775,9.869318962,0.937840343,66.80397797,0.745178163,-0.143908441,0.935585141,1.972316742,1.046554685,1.460578918,0.777776897,0.417820066,0.103833713,0,1.294961452
United States,Americas,188018,3870,48.5834625322997,12,2,76.8,79.3,78.6,77.4,75.1,57.1,53.1,83.8,89.4,76.6,86.6,85,80,1.7,37,21,26,37.8,325.9,19390.6,2.3,2.2,59501,4.4,2.1,275381,107.8,6.939599991,0.047316168,7.032339573,6.846860409,10.92576885,0.914219022,68.29949951,0.842619538,0.149891734,0.699715316,1.972316742,1.37398684,1.404786706,0.831618011,0.534608245,0.298143059,0.152284741,2.344124794
Portugal,Europe,7443,160,46.51875,62,30,65.3,71.5,64.3,59.5,59.9,35.6,69.8,79.7,44.3,83,86,70,60,2,48,23,34.4,46.3,10.3,313.4,2.7,1.2,30417,8.9,1.6,6945.6,125.6,5.910900116,0.053158198,6.015089989,5.806710243,10.26374245,0.886590719,72.40202332,0.888747811,-0.220714301,0.892629504,1.972316742,1.168800831,1.339530349,0.979315281,0.589895189,0.053036947,0.027733466,1.752558708
Ireland,Europe,3235,71,45.5633802816901,6,2,80.5,85.8,68.4,78,76.3,77.4,89,83.1,75.3,87,86,90,70,2,41,12.5,23,27.4,4.7,357.2,7.8,9.7,75538,6.4,0.3,28974.6,68.5,7.093699932,0.039863452,7.171832085,7.01556778,11.16097832,0.942081571,72.30078888,0.886982977,0.145784974,0.357184172,1.972316742,1.446886778,1.470596433,0.975670695,0.587779939,0.295426995,0.373433262,1.943878174
Venezuela,Americas,135,3,45,179,32,25.9,7.6,13.1,7.9,74.7,58.1,17.6,33.9,28,0,60,0,10,10,34,34,14.9,37.4,31.4,380.7,-14,-7.8,12114,7.7,1087.5,-68,34.9,5.053199768,0.06428051,5.179189682,4.927209854,8.977793694,0.890408158,66.50534058,0.62327832,-0.169090509,0.837038398,1.972316742,0.770238638,1.348546863,0.76702553,0.271717221,0.087179154,0.063624777,1.74484086
Afghanistan,Asia-Pacific,174,4,43.5,152,39,51.5,19.6,29.6,25.2,91.7,80.3,99.3,49.2,60.4,76.7,66,10,10,7,20,20,5,25.6,35.5,69.6,2.5,2.9,1958,8.8,5,53.9,7.3,2.566900015,0.031311426,2.628270388,2.505529642,7.462860584,0.470366955,52.59000015,0.396573007,-0.0964294,0.933686554,1.972316742,0.30070585,0.356433839,0.266051531,0,0.135234714,0.001225785,1.507235646
India,Asia-Pacific,1397,35,39.9142857142857,129,31,55.2,57.3,61.6,47.8,79.4,77.3,14.7,57.1,41.8,72.4,72.4,40,40,6.3,30.9,32.4,7.2,27.5,1316.9,9459,6.7,7.2,7183,3.5,3.6,39916.1,70.2,3.573299885,0.027702235,3.627596378,3.519003391,8.849823952,0.592200935,60.21518707,0.881444871,0.057551607,0.772042692,1.972316742,0.730576158,0.644198656,0.54057014,0.581142247,0.237072483,0.105587982,0.734130859
Tunisia,Middle East and North Africa,394,10,39.4,125,10,55.4,49.2,42.7,36.6,74.4,74.4,37.9,76.7,50.3,76,71.4,45,30,9.3,35,30,20.8,29.2,11.5,135.4,1.9,1.7,11755,15.4,5.3,879.5,71.3,4.392199993,0.049670532,4.489554405,4.294845581,9.314972878,0.688718557,66.89785767,0.593361557,-0.216413811,0.867590249,1.972316742,0.874742687,0.872167706,0.781156719,0.235860556,0.055881143,0.043899573,1.528496742
Panama,Americas,1181,30,39.3666666666667,50,9,67.2,60.4,30.1,34.1,85,85.3,91.3,73.6,43.4,79.4,79.2,75,70,5.4,25,25,15.8,22.2,4.1,103.9,5.4,5.8,25351,4.5,0.9,5319.2,38.2,6.304800034,0.059724931,6.421860695,6.187739372,10.03423405,0.902094483,69.60301208,0.880366504,-0.153927714,0.851588905,1.972316742,1.097667813,1.376149297,0.878546536,0.57984978,0.097207308,0.054230526,2.221176147
Lebanon,Middle East and North Africa,470,12,39.1666666666667,154,12,51.1,39.5,26.6,18.2,91.8,75.6,0,47.9,46.5,78.1,79,60,50,3,20,15,13.8,28.5,4.5,87.7,1.2,1.5,19439,6.6,4.5,2628,152.8,4.771500111,0.043753985,4.857257843,4.685742378,9.3617239,0.824338138,67.10658264,0.551357508,-0.06121527,0.90225625,1.972316742,0.889232516,1.19249332,0.788671136,0.18551667,0.158524141,0.021518147,1.53554225
Mexico,Americas,1094,28,39.0714285714286,66,12,64.7,59.1,34.9,26.3,75.8,78.2,83.2,67.8,58.6,75.9,81.4,75,60,4.3,35,30,17.2,26.9,123.5,2458.4,2,2.5,19903,3.4,6,29695,54.2,6.465000153,0.048122469,6.559319973,6.370680332,9.797797203,0.838665426,68.29902649,0.858709276,-0.175266623,0.806821585,1.972316742,1.024387479,1.226333499,0.831601024,0.553892553,0.083094485,0.083133668,2.662540197
Argentina,Americas,1054,27,39.037037037037,148,26,52.2,47.8,44.5,33.5,69.3,49.5,33,56.4,46.9,60.2,70,55,60,7.5,35,30,30.8,41,44.1,920.2,2.9,0.7,20876,8.7,25.7,11857,52.6,5.974699974,0.053441759,6.079445839,5.869954109,9.810955048,0.900567949,68.80380249,0.831132412,-0.194913864,0.842009842,1.972316742,1.028465629,1.372543693,0.849773705,0.520840347,0.070100471,0.060415059,2.072540998
Switzerland,Europe,16605,433,38.3487297921478,4,1,81.9,85.3,82,88,70.5,64.8,96.3,75.4,72.5,85.2,87.4,85,90,1.3,40,24,27.8,34.3,8.4,517.2,1.1,1.6,61422,4.8,0.5,40986.1,42.8,7.559899807,0.035014171,7.628527641,7.491271973,10.97993279,0.942846596,74.10244751,0.921336651,0.105911039,0.303728431,1.972316742,1.39077425,1.472403407,1.040533185,0.62895447,0.269055754,0.407945901,2.35026741
Guatemala,Americas,38,1,38,77,16,62.6,40.3,32.3,26.4,79.2,95.6,96.2,53.6,48.7,77,82.2,70,50,1.4,31,31,12.6,12.1,16.9,137.8,2.8,3.6,8145,2.7,4.4,1146.7,24.4,6.398900032,0.058398303,6.5133605,6.284439564,8.924805641,0.816621482,64.8089447,0.908147573,-0.042938665,0.783237457,1.972316742,0.753815711,1.174267054,0.705952585,0.613146722,0.170611665,0.0983603,2.882723093
Ukraine,Europe,645,17,37.9411764705882,147,44,52.3,43.9,31.5,29.6,81.8,46.9,82.6,66.1,46.7,58.6,75,35,30,2.5,20,18,33.1,42.1,42.3,368.8,2.5,-2.3,8713,9.5,14.4,2202,75.6,4.56069994,0.049683895,4.658080578,4.463319302,9.010690689,0.878879368,64.60678101,0.663081884,-0.030933706,0.920636714,1.972316742,0.780434608,1.321316481,0.698674381,0.319423705,0.178551316,0.00965116,1.252669334
Jamaica,Americas,36,1,36,39,5,68.6,60.7,49.2,45,80.2,76,80,78,73.6,82.6,68.4,80,50,10.8,25,25,27.1,28.3,2.8,26.1,1,0.8,9163,12.5,4.4,888,104.1,5.889800072,0.120590433,6.126157284,5.65344286,9.006250381,0.915701866,67.09999847,0.858068526,-0.125106767,0.888890028,1.972316742,0.779058397,1.408289194,0.788434088,0.553124607,0.116268493,0.030147785,2.214436531
Peru,Americas,1065,30,35.5,45,7,67.8,56.1,34,31.8,80.6,86.1,88.5,67.8,63.5,83.9,86.4,75,60,1.8,30,28,16,21.5,31.8,424.4,2.5,3.6,13334,3.6,2.8,6769.5,25.5,5.796800137,0.061311204,5.916970253,5.67663002,9.456313133,0.831075251,68.10023499,0.824766099,-0.16238822,0.893714964,1.972316742,0.91854918,1.208405972,0.824444175,0.513210058,0.091611817,0.02703266,2.213499546
Japan,Asia-Pacific,1953,56,34.875,30,8,72.1,84.1,68.5,78,68.2,55,55.7,80.5,79,85.9,80,70,60,2.5,40.8,23.9,30.7,38.7,126.7,5428.8,1.7,1.3,42832,2.8,0.5,10429.8,236.4,5.870800018,0.041391667,5.951927662,5.789672375,10.57968903,0.883545935,75.00096893,0.809961379,-0.246910349,0.654558063,1.972316742,1.26672411,1.332338691,1.072881341,0.495465875,0.03571178,0.181439638,1.486200333
Togo,Sub-Saharan Africa,34,1,34,158,35,50.3,35.5,29.6,28.1,67.8,77,24.5,50.4,46.7,79.1,69.4,65,30,10.3,45,27,21.5,27.7,7.8,12.9,4.4,5.5,1659,1.8,-0.7,145.6,78.6,4.187200069,0.062506773,4.309713364,4.064686775,7.357711315,0.551312625,54.71989822,0.649828613,0.002667875,0.757733464,1.972316742,0.268116266,0.547622859,0.342731178,0.303539038,0.200774252,0.114826456,2.409595251
Cyprus,Europe,262,8,32.75,44,22,68.1,73.1,48.1,43.7,74.9,55.2,80.3,76.9,59.5,84,86,75,60,2,35,12.5,33.6,38.7,0.9,31.6,3.9,0.3,37023,11,0.7,6343.3,99.3,6.15899992,0.050605938,6.258187771,6.059812069,10.40570259,0.805996239,73.70222473,0.779858291,0.043731496,0.856271744,1.972316742,1.21279943,1.149170756,1.026124597,0.459385872,0.227932334,0.051207144,2.032334805
Bosnia and Herzegovina,Europe,420,13,32.3076923076923,83,37,61.9,40.2,37.9,30.2,84.3,46.1,96.6,49.7,67,83.1,82.6,65,60,1.2,10,10,37,42.4,3.5,44.6,2.7,2.5,12724,25.6,1.3,425.2,41,5.674099922,0.046385963,5.765016556,5.583183289,9.455817223,0.829204142,67.80813599,0.651352704,0.098274559,0.933769107,1.972316742,0.91839546,1.203986526,0.813928187,0.305365741,0.264005244,0.001172487,2.16724205
Ghana,Sub-Saharan Africa,161,5,32.2,109,13,57.5,49.1,44.2,35.5,78.8,82,23.9,56.5,59.9,66.3,63.4,70,60,10.8,35,25,16.5,24.5,28.3,133.7,8.4,5.5,4729,2.4,12.4,3255,71.8,5.147999763,0.058634609,5.262923717,5.033075809,8.350645065,0.728601098,57.20398712,0.794796526,0.094170853,0.847964764,1.972316742,0.575862467,0.96636796,0.432162255,0.477290064,0.261291206,0.056570381,2.378437281
Cameroon,Sub-Saharan Africa,193,6,32.1666666666667,145,29,52.4,42.5,31.3,25.5,74.4,87.5,58.4,44.4,47.8,84,53.4,30,50,15.8,35,33,15.6,20.4,24.3,88.9,3.2,4.9,3660,4.2,0.6,672.5,33.8,5.084899902,0.067296073,5.216800213,4.952999592,8.118647575,0.700386405,52.7049408,0.763051808,-0.00149645,0.851336598,1.972316742,0.503958046,0.89972645,0.270189553,0.439242482,0.198020101,0.054393422,2.719370842
El Salvador,Americas,32,1,32,84,17,61.8,37.6,29.1,23.4,78.1,86.3,81.9,57.2,53.1,79,81.4,75,60,1.8,30,30,19.7,21.4,6.4,57,2.4,2.1,8948,4.5,1,791.9,59.3,6.34829998,0.058248438,6.462466717,6.234133244,8.909075737,0.806092262,66.10826111,0.833805263,-0.121072978,0.754319906,1.972316742,0.748940408,1.149397612,0.752730012,0.524043918,0.1189363,0.117030352,2.937191725
Denmark,Europe,2860,90,31.7777777777778,14,6,76.7,86.2,77.8,85.8,42,14.4,96.7,90.7,86.4,84.1,86,90,80,2,56,23.5,45.9,53.4,5.7,286.8,2.1,1.6,49883,5.7,1.1,-3114.7,36.4,7.645599842,0.033492286,7.711244583,7.579955101,10.77400112,0.955990791,72.40250397,0.951444268,0.066201776,0.168489456,1.972316742,1.326948524,1.503449202,0.979332566,0.665039897,0.242793396,0.495260328,2.432740688
Denmark,Europe,169,0,0,14,6,76.7,86.2,77.8,85.8,42,14.4,96.7,90.7,86.4,84.1,86,90,80,2,56,23.5,45.9,53.4,5.7,286.8,2.1,1.6,49883,5.7,1.1,-3114.7,36.4,7.645599842,0.033492286,7.711244583,7.579955101,10.77400112,0.955990791,72.40250397,0.951444268,0.066201776,0.168489456,1.972316742,1.326948524,1.503449202,0.979332566,0.665039897,0.242793396,0.495260328,2.432740688
Denmark,Europe,10,0,0,14,6,76.7,86.2,77.8,85.8,42,14.4,96.7,90.7,86.4,84.1,86,90,80,2,56,23.5,45.9,53.4,5.7,286.8,2.1,1.6,49883,5.7,1.1,-3114.7,36.4,7.645599842,0.033492286,7.711244583,7.579955101,10.77400112,0.955990791,72.40250397,0.951444268,0.066201776,0.168489456,1.972316742,1.326948524,1.503449202,0.979332566,0.665039897,0.242793396,0.495260328,2.432740688
Cuba,Americas,186,6,31,178,31,27.8,31.6,10,37.7,48.8,0,15.6,20,20,65.6,64,10,10,8,50,30,41.5,64.2,11.5,148,0.9,1.9,12920,2.6,5.5,,47.7,,,,,,,,,,,,,,,,,,
Hungary,Europe,492,16,30.75,64,31,65,60.9,45.2,35.3,78.6,31.7,85,61.1,64.7,81.8,86,80,70,2,15,19,39.4,47.7,9.8,289,4,3.2,29474,4.2,2.4,2491.6,69.9,6.000400066,0.039473221,6.077767372,5.923032761,10.24924374,0.921934128,67.60997009,0.718964577,-0.194323018,0.892916501,1.972316742,1.164307117,1.423009396,0.806793869,0.386401802,0.070491239,0.027548173,2.121845722
Ecuador,Americas,2240,75,29.8666666666667,170,29,46.9,35.9,20.2,25.3,77,55.5,32.1,54.1,48.2,73.5,66.4,35,40,6.8,35,25,21.2,38.5,16.8,192.6,2.7,2,11482,3.8,0.4,606.4,45,5.925199986,0.052880634,6.028846264,5.821553707,9.246058464,0.836418986,68.50003815,0.859828949,-0.127014965,0.801215112,1.972316742,0.853383601,1.221027613,0.838837743,0.555234551,0.115006477,0.086753383,2.254933834
Trinidad and Tobago,Americas,87,3,29,112,22,57,52.3,40.6,32.9,82.3,61.9,16.6,67.8,75.6,75.1,68.4,60,50,8.3,25,25,22.8,35.7,1.4,43,-2.6,-1.3,31367,4.8,1.9,178.7,41.3,6.191899776,0.114448458,6.416218758,5.967580795,10.26000214,0.91529417,63.5,0.857907116,0.000526841,0.912230611,1.972316742,1.167641521,1.407326221,0.658828557,0.55293113,0.199358255,0.015078396,2.190695763
Mauritius,Sub-Saharan Africa,143,5,28.6,25,1,73,69.5,62.1,40.3,92.1,80.3,73.6,79.8,60.8,79.4,88.4,80,70,0.8,15,15,18.4,25.6,1.3,27.5,3.9,3.6,21640,7.1,3.7,292.7,60.2,6.101299763,0.057226494,6.213463783,5.989135742,9.956786156,0.910357833,66.40434265,0.889534533,-0.018318573,0.805343091,1.972316742,1.07366395,1.395666838,0.763389409,0.590838134,0.186894551,0.084088229,2.006720543
Brazil,Americas,5717,201,28.4427860696517,150,27,51.9,57.3,51.7,28.1,70.5,55.2,5.9,57.9,51.9,75.5,69,50,50,8,27.5,34,32.2,38.6,207.7,3240.3,1,-0.5,15603,13.3,3.4,62712.6,84,6.375599861,0.040790688,6.455549717,6.295650005,9.56643486,0.896723807,66.48016357,0.799804807,-0.101812392,0.770601273,1.972316742,0.952679873,1.363464117,0.766119063,0.483292729,0.131674588,0.106518604,2.571860313
Romania,Europe,2245,82,27.3780487804878,42,21,68.6,66.7,51.9,39.8,89.7,69,89.3,63.1,64.5,82.7,86,70,50,2,10,16,26,32.1,19.6,481.5,7,4.5,24508,4.9,1.3,5160,36.9,6.123700142,0.047432564,6.216668129,6.030732155,10.107584,0.825161517,67.20723724,0.842823207,-0.19781521,0.934300244,1.972316742,1.120401621,1.1944381,0.79229486,0.534852326,0.068181619,0.000829569,2.412749767
Greece,Europe,1314,49,26.8163265306122,106,43,57.7,52.4,49.5,37.7,59.1,23.3,79,74.1,52.5,79.1,81,55,50,2,42,29,38.6,50.6,10.8,298.7,1.4,-0.3,27737,21.5,1.1,4046,181.9,5.514999866,0.046931833,5.606986046,5.423013687,10.13232613,0.814380348,72.40525818,0.541345119,-0.300907373,0.859931409,1.972316742,1.128070116,1.168973565,0.979431748,0.173516348,0,0.048844352,2.016179085
China,Asia-Pacific,82279,3309,24.8652160773648,100,20,58.4,49.9,75.2,49.1,70.4,70.1,76,56.2,64.2,71.9,73,25,20,3.5,45,25,17.5,31.6,1390.1,23159.1,6.9,7.1,1660,4.7,1.6,136320,47.8,5.123899937,0.025901664,5.174667358,5.073132515,9.688568115,0.798760593,69.2891922,0.898517907,-0.18142575,0.7539711,1.972316742,0.990533412,1.132080674,0.867248535,0.601605117,0.079021044,0.117255554,1.336181879
Sweden,Europe,4435,180,24.6388888888889,19,10,75.2,89.5,84,88,43.2,26.7,96.6,88,53.9,82,86,85,80,2,57,22,44.1,49.4,10.1,520.9,2.4,2.8,51475,6.7,1.9,15395.7,40.9,7.353499889,0.036234196,7.424519062,7.282480717,10.75879383,0.926311195,72.60076904,0.939144194,0.111614622,0.250880182,1.972316742,1.322235227,1.433347702,0.986470461,0.650297701,0.272827893,0.442066371,2.246299267
Philippines,Asia-Pacific,2084,88,23.6818181818182,70,15,63.8,48.7,36.4,30.9,76.9,88.7,97.1,61.3,57.9,69.6,78.2,60,60,3.4,35,30,13.7,19.4,105.3,875.6,6.7,6.6,8315,2.4,3.2,9524.3,37.8,6.006000042,0.049858402,6.103722572,5.908277512,8.993545532,0.846730053,61.92676163,0.915463448,-0.105463006,0.733634114,1.972316742,0.775120676,1.245381713,0.602189481,0.621915162,0.129260212,0.130385727,2.501741886
Dominican Republic,Americas,1109,51,21.7450980392157,89,19,61,50.6,18.1,23.2,84.6,90.3,89.9,51.9,57.6,79.7,75.8,70,40,4.6,25,27,13.6,17.9,10.2,172.4,4.6,6.1,16944,5.5,3.3,3570,37.7,5.689199924,0.069831297,5.826069355,5.552330494,9.664880753,0.882085383,65.80748749,0.866202772,-0.131263286,0.755999923,1.972316742,0.983191848,1.328888893,0.741901696,0.5628739,0.112196781,0.115945682,1.844246864
Paraguay,Americas,65,3,21.6666666666667,85,18,61.8,39.5,30,25.5,96.3,78.9,96.3,61.5,29.2,72.8,76.6,75,60,4.2,10,10,13,26.5,7,68.3,4.3,6,9826,4.6,3.6,355.8,25.6,5.692100048,0.051957864,5.793937683,5.590262413,9.389982224,0.898727894,65.63993835,0.885923445,0.007997713,0.834788501,1.972316742,0.897990823,1.36819756,0.735869646,0.586510062,0.204299241,0.065077379,1.83412528
Honduras,Americas,141,7,20.1428571428571,93,20,60.2,43.4,31,25.3,82.8,78.2,95.9,56.9,32,73,79.4,65,60,2.8,25,25,21.6,27,8.3,46.2,4.8,3.6,5562,4.5,3.9,1185.7,43.9,5.953199863,0.065731592,6.082033634,5.824366093,8.424534798,0.821870148,67.19876862,0.870603263,0.086969115,0.801131904,1.972316742,0.598763585,1.186664104,0.791989982,0.568148077,0.256528199,0.086807102,2.464295387
Tanzania,Sub-Saharan Africa,19,1,19,94,7,60.2,35.4,41.4,33.2,80.5,90.3,85.2,46.6,66.2,70.4,67.8,55,50,8.6,30,30,12.4,18,50,162.2,6,6.8,3240,2.2,5.3,1180.4,38.2,3.476200104,0.06320975,3.600091219,3.352308989,7.967665195,0.688933194,57.49607468,0.82153976,0.109668687,0.619799435,1.972316742,0.457163125,0.872674644,0.442677855,0.509343088,0.27154091,0.203880861,0.718963385
Burkina Faso,Sub-Saharan Africa,261,14,18.6428571428571,96,9,59.4,49.1,42.9,36.6,81.9,80,61.8,51.6,52.3,86.2,65.2,65,40,7.4,27.5,28,16.3,25.8,18.9,35.8,6.4,5.3,1889,6.3,0.4,485.9,38.3,4.768700123,0.062067267,4.890351772,4.647048473,7.46854496,0.712943614,53.88945389,0.665563583,-0.019080516,0.739795029,1.972316742,0.302467644,0.9293859,0.312833875,0.322398156,0.186390609,0.126408055,2.588826418
Belgium,Europe,12775,705,18.1205673758865,48,25,67.3,81.3,61.6,72.5,47.1,15.2,73.4,78.1,61,76.1,86,85,70,2,50,29,44.2,53.2,11.4,528.5,1.7,1.2,46553,7.4,2.2,740.4,103.2,6.863500118,0.034370355,6.930866241,6.796133995,10.6736393,0.911632538,72.00164795,0.813582063,-0.078691199,0.612297952,1.972316742,1.295842767,1.398677588,0.964901149,0.499805421,0.146966159,0.208724052,2.348626614
Bolivia,Americas,107,6,17.8333333333333,173,30,42.3,20.5,12.3,19.7,82.4,49.3,17.6,58.8,52.9,68.8,70.4,15,40,4.8,13,25,31.1,41.1,11.1,83.6,4.2,5.1,7547,3.1,2.8,724.7,50.9,5.747499943,0.050645422,5.846765041,5.648234844,8.851115227,0.803108692,63.6004715,0.875873327,-0.09168113,0.822606206,1.972316742,0.730976343,1.142350554,0.662445664,0.5744645,0.138375074,0.072942637,2.425928593
Morocco,Middle East and North Africa,617,36,17.1388888888889,75,6,62.9,57.2,47.1,39.2,72.2,72.7,66.9,70.3,33.1,83.5,77.4,65,70,3.8,38,30,20.9,30.2,34.9,298.6,4.2,3.4,8567,9.3,0.8,2651.4,64.4,5.094799995,0.05565045,5.203875065,4.985724926,8.940313339,0.592628479,65.89624023,0.772072434,-0.240377247,0.815724611,1.972316742,0.75862211,0.645208478,0.745096922,0.450054139,0.040032551,0.077385604,2.378402472
Algeria,Middle East and North Africa,716,44,16.2727272727273,171,14,46.2,31.6,36.2,28.9,76.4,48.7,18.7,61.6,49.9,74.9,67.4,30,30,8.8,35,23,24.5,41.4,41.5,632.9,2,3.1,15237,10,5.6,1203,25.8,5.005099773,0.044236008,5.09180212,4.918397427,9.537964821,0.803385139,65.90517426,0.466610909,-0.121105164,0.735485137,1.972316742,0.943856001,1.143003583,0.745418549,0.083943799,0.118915014,0.129190654,1.840811729
Albania,Europe,243,15,16.2,52,27,66.5,54.8,30.6,40.4,86.3,73.9,80.6,69.3,52.7,81.5,87.8,70,70,1.1,23,15,24.9,29.5,2.9,36,3.9,2.5,12507,13.9,2,1119.1,71.2,4.882699966,0.056115732,4.992686749,4.772713184,9.417930603,0.671070457,68.70813751,0.781994224,-0.042309489,0.896303713,1.972316742,0.906653047,0.830483913,0.846329629,0.461945891,0.171027765,0.025361285,1.640897036
Gabon,Sub-Saharan Africa,16,1,16,118,17,56.3,28.1,30.6,35.5,75.8,86.6,82.1,52.1,53,80,51.2,60,40,16.9,35,30,17.3,21.1,1.9,36.7,0.8,3.4,19254,19.7,3,1498,61.1,4.829299927,0.060268242,4.947425842,4.711174011,9.680537224,0.787886858,59.71533966,0.704829216,-0.222261623,0.849150956,1.972316742,0.988044381,1.10639751,0.522574842,0.369459897,0.052013602,0.055804539,1.735027552
Egypt,Middle East and North Africa,710,46,15.4347826086957,144,11,52.5,37,48.3,29.2,85.2,68.1,0,65.9,51.6,62.3,71.8,60,50,6.6,25,23,18,32.6,94.8,1201.2,4.2,3.8,12671,12.1,23.5,7391.7,103.3,4.151400089,0.035979424,4.221919537,4.080880642,9.316541672,0.735447824,61.78015137,0.708354175,-0.196878314,0.787726879,1.972316742,0.875228941,0.982539535,0.596911311,0.373684734,0.068801254,0.095461793,1.158818245
Iran,Middle East and North Africa,44605,2898,15.3916494133885,155,13,51.1,33.5,41.3,35,80.9,89.8,89.5,62.2,50.7,60.1,54.6,5,10,15.2,35,25,8,18.5,81.4,1644.7,4.3,3.6,20200,12.5,9.9,5019,40.9,4.672399998,0.055878021,4.78192091,4.562879086,9.813719749,0.694689691,66.00614929,0.647873282,0.117891103,0.714635968,1.972316742,1.029322505,0.886271179,0.749053836,0.301195472,0.27697894,0.142651513,1.286969423
United Kingdom,Europe,25471,1793,14.2058003346347,7,3,78.9,92.3,85.9,83.8,64.7,48.2,68.6,92.9,73.5,81.2,86,90,80,2,45,20,33.2,41.6,66.1,2914,1.8,2.2,44118,4.3,2.7,15090,87,7.164500237,0.037161909,7.237337589,7.091662884,10.60013485,0.93668282,72.30160522,0.834743679,0.263732493,0.435915917,1.972316742,1.273061037,1.457844973,0.97570008,0.525168657,0.373433441,0.322601646,2.236721992
Mali,Sub-Saharan Africa,28,2,14,103,12,58.1,33.7,33.4,29.6,68.7,85.4,84.2,53.8,52.2,81.6,69.8,65,40,7.6,40,35,17.6,22.1,18.9,41,5.3,5.3,2170,7.9,1.8,265.6,35.6,4.729300022,0.064362764,4.855451107,4.603148937,7.629852295,0.731468976,51.72698212,0.71156615,-0.044366926,0.839328408,1.972316742,0.352462649,0.97314173,0.234981522,0.377534449,0.16966705,0.062146276,2.559335232
Iraq,Middle East and North Africa,694,50,13.88,,,,37,12.3,20.3,,52.8,13.3,54.4,53.1,81.4,,,,,15,15,0,39.7,38.9,658.8,-0.8,4.7,16954,8.2,0.1,-5032.4,58,4.784800053,0.077791877,4.937272072,4.632328033,9.661095619,0.747694969,59.90354919,0.633182645,-0.06956476,0.82226181,1.972316742,0.982018709,1.011466622,0.529350698,0.283588052,0.153002068,0.073164992,1.752173662
Netherlands,Europe,12667,1040,12.1798076923077,13,5,76.8,88,74.7,89.1,51.6,42.9,93.3,81.4,60.3,84,86,90,80,2,52,25,38.8,43.6,17.1,916.1,3.1,1.8,53635,4.8,1.3,57956.7,56.7,7.448900223,0.02779175,7.503372192,7.394428253,10.81271172,0.93913883,72.30091858,0.908547819,0.20761244,0.364717126,1.972316742,1.338946342,1.463645935,0.975675344,0.61362648,0.336317569,0.368569762,2.352117062
Spain,Europe,95923,8464,11.3330576559546,57,28,65.7,72.9,51.4,51.9,62.3,46.2,51.1,66.8,57.8,87.5,86,85,70,2,45,25,33.5,42.3,46.3,1773.9,3.1,1.9,38286,17.2,2,19086.1,98.4,6.400899887,0.04230037,6.483808517,6.317991257,10.46292686,0.921125412,74.40270996,0.751989543,-0.050961714,0.765859902,1.972316742,1.230535269,1.421099186,1.051343083,0.425983816,0.16530548,0.109579779,1.997088432
Indonesia,Asia-Pacific,1528,136,11.2352941176471,56,11,65.8,52.2,53.5,39.5,83.7,91.4,88.1,69.3,49.3,77.4,79.8,45,60,2.6,30,25,10.4,16.9,262,3242.8,5.1,5.1,12377,4.2,3.8,23063.1,28.9,5.285600185,0.047692381,5.379077435,5.192122936,9.36975193,0.808379889,62.15584946,0.870614409,0.519586504,0.876296401,1.972316742,0.891720712,1.154800892,0.610437036,0.568161428,0.542646527,0.038278613,1.479573488
Bangladesh,Asia-Pacific,51,5,10.2,121,27,55.6,36.1,34.5,24.4,72.7,94.5,77.6,50.9,68.2,69.9,63.6,45,30,10.7,25,45,8.8,13.6,163.2,687.1,7.1,6.7,4211,4.4,5.7,2151.6,32.4,4.832799911,0.040124193,4.911443233,4.75415659,8.287063599,0.687292993,64.50306702,0.90062499,-0.033664726,0.661843538,1.972316742,0.556156278,0.868800581,0.694940507,0.604130566,0.176745117,0.176735908,1.755261898
Niger,Sub-Saharan Africa,27,3,9,151,31,51.6,37.2,31,34.1,76.9,75.6,22.2,56.3,48.2,76.7,65.8,55,40,9.6,35,30,13.5,28.5,18.8,21.8,5.2,5.4,1164,0.4,2.4,334.3,46.5,4.909599781,0.077208281,5.060927868,4.758271694,6.842166901,0.617435038,53.50009537,0.759772122,0.013860817,0.722530186,1.972316742,0.108330332,0.703800142,0.298816353,0.435311615,0.208176896,0.137554765,3.017630577
Italy,Europe,105792,12428,8.51239137431606,80,36,62.2,71.7,49.8,43.7,55.6,26.5,71.3,71.7,51.1,84,86,85,50,2,43,27.5,42.9,49.5,60.6,2310.9,1.5,0.3,38140,11.2,1.3,17077.1,131.5,6.38740015,0.043288074,6.47224474,6.302555561,10.48183632,0.889878571,73.60168457,0.66465199,-0.043460999,0.873404682,1.972316742,1.236396074,1.347296,1.022504926,0.321305573,0.170266211,0.040145598,2.249505997
Zimbabwe,Sub-Saharan Africa,8,1,8,175,45,40.4,29.7,24.8,15.8,62.3,74.5,23.7,33.4,43.3,72.4,70,25,10,5,51.5,25,22.3,29.2,14.9,34,3,2.6,2283,5,1.3,289.4,78.4,3.299200058,0.058674462,3.414201975,3.184198141,7.865711689,0.763092756,55.61725998,0.711457908,-0.072063953,0.81023699,1.972316742,0.425564021,1.047835231,0.375037611,0.37740472,0.151349187,0.080928579,0.841031075
Cabo Verde,Sub-Saharan Africa,6,1,6,73,4,63.1,44.1,49,43.7,76.4,71.2,59.7,65.2,55.7,84.1,68.2,80,60,10.9,35,24,23.7,31,0.5,3.7,4,2,6944,10.3,0.8,108.6,126,,,,,,,,,,,,,,,,,,
Guyana,Americas,12,2,6,113,23,56.8,41.7,42.9,33.2,67,69.4,77.6,59.3,62,76.9,66.8,55,30,6.6,33.3,40,24.4,32,0.8,6.3,2.1,3.5,8161,12,2.1,212.2,50.7,,,,,,,,,,,,,,,,,,
Mauritania,Sub-Saharan Africa,6,1,6,119,18,55.7,27.5,30.6,30.6,78,74.2,80.6,61.9,51.5,81.2,62.6,50,40,8.7,30,25,25.9,29.3,3.9,17.3,3.2,3.5,4444,9.9,2.3,329.6,91.1,4.374599934,0.055093341,4.482583046,4.266616821,8.233919144,0.790819228,57.01017761,0.551522553,-0.106008142,0.746223509,1.972316742,0.539684892,1.113323569,0.425184816,0.185714483,0.128899664,0.122257635,1.85955739
Nicaragua,Americas,5,1,5,107,21,57.7,33.4,18.7,20.3,76.9,79.1,93.9,56,55.8,72.7,76,60,50,2,30,30,22.6,26.4,6.2,36.4,4.9,4.8,5849,4.4,3.9,896.6,33.6,6.13710022,0.063886963,6.262318611,6.011881828,8.493160248,0.857497036,67.50717926,0.863902867,0.020959141,0.665950119,1.972316742,0.620033145,1.27081275,0.803093255,0.560117304,0.212871477,0.174084574,2.496081114
Syria,Middle East and North Africa,10,2,5,,,,37,24.4,20.3,,,,49.6,58.2,48.3,47,0,,16.5,22,28,0,,18.4,,,,900,14.9,0,,,,,,,,,,,,,,,,,,,,
Gambia,Sub-Saharan Africa,4,1,4,146,30,52.4,39.9,42.5,41.2,74.3,70.7,0,54,67.4,62.4,61.6,65,50,14.2,35,32,17.9,31.3,2.1,3.6,3.5,3.1,1713,9.5,8,87.5,123.2,4.750599861,0.067163654,4.882240772,4.61895895,7.321814537,0.6931687,55.0120163,0.733163178,0.343198717,0.690717816,1.972316742,0.256990552,0.882678688,0.353247881,0.403419524,0.425989687,0.158093795,2.270216465
Angola,Sub-Saharan Africa,7,2,3.5,156,33,50.6,35.9,26.6,20.5,83.9,80.7,58.2,55.7,58.8,55.4,61.2,30,40,9.4,17,30,20.6,25.3,28.2,190.3,0.7,2.9,6753,8.2,31.7,-2254.5,65.3,,,,,,,,,,,,,,,,,,
Sudan,Sub-Saharan Africa,7,2,3.5,166,41,47.7,27.5,22.2,26.2,86.3,96.6,76.1,52.1,59,56.9,45,5,20,17.5,10,35,6.7,10.6,40.8,187,3.2,3,4586,12.7,32.4,1065.3,126,,,,,,,,,,,,,,,,,,
Bahamas,Americas,14,0,0,76,15,62.9,42.2,46.9,43.7,97.3,86.8,65.7,68.5,67.5,78.1,47.8,50,60,18.6,0,0,16.3,21,0.4,11.6,1.3,-0.7,31139,12.6,1.4,927.7,57.2,,,,,,,,,,,,,,,,,,
Barbados,Americas,34,0,0,67,13,64.7,52.9,59.9,53.8,70.1,65,79.5,69.8,59.9,78.3,56.6,70,60,14.2,35,25,33.7,34.1,0.3,5.2,0.9,0.6,18664,9.7,4.4,286.2,132.9,,,,,,,,,,,,,,,,,,
Belize,Americas,3,0,0,123,24,55.4,41.7,46.9,27.2,79.9,65.9,39.1,61.8,54.8,78.7,64,55,50,10.5,25,25,27.6,33.7,0.4,3.2,0.8,1.8,8324,9.3,1.1,77,99,,,,,,,,,,,,,,,,,,
Benin,Sub-Saharan Africa,9,0,0,127,21,55.3,37.2,32.8,28.1,69.3,83.4,27.9,62.4,53.8,86.4,61.8,70,50,11.6,45,30,11.9,23.5,11.1,25.3,5.6,5,2277,2.5,0.1,184.4,54.6,5.21600008,0.077759244,5.368408203,5.063591957,7.674319744,0.468671143,54.31246567,0.735182583,-0.003537213,0.740532577,1.972316742,0.366244704,0.352428436,0.328062952,0.40583989,0.196670428,0.125931874,3.440809727
Bhutan,Asia-Pacific,4,0,0,74,16,62.9,62.5,55.4,54.5,83,71.6,77.6,68.7,79.5,72.6,79.4,20,30,2.8,25,30,13.4,30.7,0.8,7,6,5.2,8744,2.4,3.4,10.3,102.4,,,,,,,,,,,,,,,,,,
Cambodia,Asia-Pacific,109,0,0,105,22,57.8,37.4,27.6,16.7,89.7,85.9,89.1,29.9,63,79.4,65.4,60,50,9.8,20,20,15,21.7,16,64.3,6.9,7.1,4012,0.2,2.9,2784.4,35.1,4.848400116,0.058006871,4.962093353,4.734706879,8.249890327,0.773080647,61.52996826,0.959704638,0.051911179,0.822769046,1.972316742,0.544634938,1.071426034,0.587904334,0.674940348,0.233342081,0.072837502,1.663300037
Central African Republic,Sub-Saharan Africa,3,0,0,161,38,49.1,19.6,29.6,23.2,65.2,94.2,94.3,24.2,40.1,72.3,51,45,30,14.5,50,30,9,13.9,5,3.4,4,-4.5,677,6,3.8,17.2,53.4,3.475899935,0.115182951,3.701658487,3.250141382,6.625160217,0.319459856,45.20000076,0.640880644,0.082410358,0.891806662,1.972316742,0.041072082,0,0,0.292814463,0.253513217,0.028264718,2.860197544
Chad,Sub-Saharan Africa,7,0,0,159,36,49.9,26.7,24.6,23.2,46.1,92.4,85.2,28.1,43.2,82.3,47.2,60,40,16.4,60,45,5.3,15.9,12.2,28.6,-3.1,1,2344,5.9,-0.9,335,52.5,4.422699928,0.075231321,4.570153236,4.27524662,7.467963696,0.632388055,48.22053909,0.587305248,0.017834719,0.802760839,1.972316742,0.302287489,0.739118278,0.1087441,0.228601769,0.210805088,0.085755408,2.74742651
Djibouti,Sub-Saharan Africa,30,0,0,169,43,47.1,29.7,18.1,28.1,76.2,27.3,18.1,54.7,60.4,72.7,50.4,80,50,17.3,30,25,29.2,49.2,1,3.6,6.7,6.1,3559,5.8,0.7,165,30.6,,,,,,,,,,,,,,,,,,
Dominica,Americas,12,0,0,72,14,63.6,49.2,63.8,54.5,72.1,53.5,84.7,70.7,60.4,85.7,68.2,70,30,8.4,35,30,25.8,39.4,0.1,0.8,-4.2,0,11102,0,0.6,18.9,87.6,,,,,,,,,,,,,,,,,,
Equatorial Guinea,Sub-Saharan Africa,12,0,0,174,44,41,29.7,18.1,15.8,71.3,67.6,16.4,37.6,32.7,83.7,48.8,40,30,15.6,35,35,20.4,32.8,0.8,30.4,-4.4,-5.6,36017,6.9,0.7,304.1,42.7,,,,,,,,,,,,,,,,,,
Eritrea,Sub-Saharan Africa,15,0,0,177,47,38.9,35.5,18.1,19.7,81.4,73.9,0,17.7,70,61,69.2,0,20,5.4,30,30,8,29.5,5.9,9.4,5,3.4,1581,6.4,9,55.5,131.2,,,,,,,,,,,,,,,,,,
Eswatini,Sub-Saharan Africa,9,0,0,132,23,54.7,41.7,42.9,35,74.8,65.6,18.3,59.2,67.5,73.7,87.6,50,40,1.2,33,28,25.5,33.9,1.1,11.3,0.2,2,9884,26.4,6.3,-136.8,29.2,,,,,,,,,,,,,,,,,,
Ethiopia,Sub-Saharan Africa,26,0,0,137,26,53.6,32.6,40.9,35.1,77.2,90.4,83.3,48.6,58,60.8,60.8,35,20,12.1,35,30,12.4,17.9,92.7,200.2,10.9,9.9,2161,5.2,9.9,3586.4,56.2,4.186200142,0.038915094,4.262473583,4.109926701,7.509385586,0.743307352,58.63959122,0.740795195,0.043377332,0.753690004,1.972316742,0.315125644,1.001103282,0.483846247,0.41256687,0.227698103,0.117437035,1.628459215
Fiji,Asia-Pacific,5,0,0,81,18,62.2,67.3,42.9,23.4,81.1,71.7,82.4,63,72.9,73.5,62.8,55,50,11.1,29,20,25.5,30.7,0.9,8.7,3.8,3.7,9777,6.3,3.4,299,46.6,,,,,,,,,,,,,,,,,,
Georgia,Europe,110,0,0,16,8,75.9,65.9,54.6,58.5,87.1,73.6,93.9,85.8,76.6,76,88.6,80,70,0.7,20,15,25.8,29.6,3.7,39.7,4.8,3.7,10747,11.6,6,1861.9,44.9,4.672599792,0.043417413,4.757698059,4.587501526,9.226100922,0.629033029,64.49520874,0.801641524,-0.22892037,0.665944695,1.972316742,0.847198069,0.7311939,0.694657624,0.485494107,0.047609735,0.174088076,1.69239831
Guinea,Sub-Saharan Africa,22,0,0,120,19,55.7,34.7,32.6,25.5,69.4,89.8,87.2,54.6,54.9,66.4,63.2,50,40,10.9,40,35,15.3,18.4,13,26.5,6.7,4.9,2041,4.5,8.9,576.5,39.7,4.949299812,0.073042229,5.09246254,4.806137085,7.750990391,0.637573481,54.46780014,0.706846774,0.076328471,0.761794448,1.972316742,0.390007734,0.75136596,0.333655238,0.371878058,0.249490842,0.112204559,2.740729809
Guinea-Bissau,Sub-Saharan Africa,8,0,0,135,25,54,32.6,42.9,25.3,88.8,86.7,81.4,35.9,61.2,78.1,55.6,30,30,12.2,20,25,9.6,21,1.7,3.1,5.5,4.3,1845,6.1,1.1,16.6,42,,,,,,,,,,,,,,,,,,
Haiti,Americas,15,0,0,143,25,52.7,10.4,25.3,20.3,79.9,88.3,95.9,36.2,62.6,66.5,72,45,30,6.5,30,30,14.5,19.7,11,19.9,1.2,2.2,1815,14,14.7,374.9,31.1,3.720799923,0.101463005,3.919667482,3.521932364,7.411329269,0.593247831,55.59862518,0.537825167,0.40053457,0.684767246,1.972316742,0.284734428,0.646671355,0.37436673,0.169297516,0.463909656,0.161935672,1.619916916
Kuwait,Middle East and North Africa,289,0,0,90,8,60.8,52.9,43.3,35.3,97.7,17.3,99.1,57.4,61.7,70.6,79,55,60,3,0,15,1.6,52.5,4.4,291.5,-2.5,-0.1,66163,2.1,1.5,300.5,20.6,6.102099895,0.053297732,6.206563473,5.997636318,11.08982468,0.846475244,66.76764679,0.872366488,-0.100184701,0.760849059,1.972316742,1.424833655,1.244779825,0.776468933,0.570261419,0.132751092,0.112814933,1.840167999
Laos,Asia-Pacific,9,0,0,110,24,57.4,38.8,42.5,33.5,86.9,85.3,66.5,60.1,60.1,78.5,81.8,35,20,1.6,24,24,12.8,22.1,6.7,49.2,6.8,7.4,7366,0.7,0.8,813,62.8,4.888599873,0.040268615,4.967526436,4.809673309,8.79858017,0.737502217,58.70992279,0.907213569,0.11137148,0.634679317,1.972316742,0.714693844,0.987391889,0.486378282,0.612027287,0.27266711,0.194273964,1.621152639
Latvia,Europe,398,0,0,35,18,70.4,67.3,48.4,35.5,77,57.1,96.9,77.5,73.3,81.1,86,85,60,2,31.4,20,30.2,37.8,2,53.9,4.5,2.8,27644,8.7,2.9,721.2,34.8,5.949999809,0.034838136,6.018282413,5.881717205,10.17531967,0.918288589,66.8074646,0.671237648,-0.186888844,0.795580089,1.972316742,1.14139545,1.414398789,0.777902424,0.329198807,0.075407945,0.090391524,2.121283054
Liberia,Sub-Saharan Africa,3,0,0,160,37,49.7,26.7,39,24.2,82.7,62.1,69.1,50.6,38.3,68.9,60.1,55,20,12.4,25,25,21.8,35.5,4.5,6.1,2.5,2.1,1354,2.4,12.4,247.8,34.4,4.557899952,0.081956357,4.71853447,4.397265434,7.054380417,0.70928055,56.09631348,0.735268712,0.04227322,0.856375933,1.972316742,0.174103007,0.920733929,0.392284274,0.405943096,0.226967871,0.051139876,2.386757851
Libya,Middle East and North Africa,10,0,0,,,,7.6,24.4,15.8,,0,20,40.2,51.3,52.8,,5,,,10,20,0,139.2,6.4,64.4,70.8,-7.9,9986,17.7,28,,4.7,5.488800049,0.060677204,5.607727528,5.36987257,9.789815903,0.825942934,62.29999924,0.773157001,-0.085054487,0.668779135,1.972316742,1.021913767,1.196283698,0.615626633,0.451354057,0.142757699,0.172258079,1.888563156
Liechtenstein,Europe,68,0,0,,,,,,,,,,,,,,85,80,,7,12.5,0,,38,6.4,,,139.1,2.1,0,,,,,,,,,,,,,,,,,,,,
Madagascar,Sub-Saharan Africa,57,0,0,114,15,56.6,33.2,24.4,14.3,91,91.8,85.5,47.3,44.6,72.4,69.2,55,50,7.9,20,20,10.1,16.6,25.6,39.7,4.1,3.4,1551,1.8,8.1,389.1,37.3,4.165599823,0.057542104,4.278382301,4.052817345,7.281685829,0.668195903,59.10542679,0.557574093,-0.011823639,0.817485631,1.972316742,0.244553208,0.823694348,0.500617027,0.192967549,0.191190064,0.076248638,2.136298418
Maldives,Asia-Pacific,18,0,0,141,37,53.2,43.9,36.4,33.5,95.8,60.8,10.7,78.3,70.8,81,62.6,35,30,11.2,0,0,20.5,36.1,0.4,6.9,4.8,5.2,19151,5,2.8,517.5,68.1,5.197599888,0.071985401,5.338691235,5.056508541,9.518632889,0.91316092,70.59999847,0.853962779,0.038085498,0.824211061,1.972316742,0.937864304,1.402287602,0.914439559,0.548203647,0.224198252,0.071906492,1.098674774
Malta,Europe,169,0,0,41,20,68.6,69.8,50.4,50.3,64.2,56.1,94.5,67.1,61.3,78.2,86,85,60,2,35,35,33.6,38.3,0.5,19.3,6.6,6.9,41945,4,1.3,3185.2,52.6,6.772799969,0.042958103,6.856997967,6.688601971,10.53383827,0.93037951,72.19999695,0.924911439,0.214965805,0.658547282,1.972316742,1.252513289,1.442956924,0.972042024,0.633239031,0.341180831,0.178864077,1.952012062
Mongolia,Asia-Pacific,12,0,0,126,29,55.4,48.2,23.8,29.8,88.5,63.1,6.2,66,75,77.8,75.8,50,60,4.6,10,25,20.7,35.1,3.1,39.7,5.1,5.7,12979,7,4.6,1494.4,91.4,5.456200123,0.040313236,5.535213947,5.377186298,9.412186623,0.937142491,62.30448532,0.693351328,0.098093867,0.863511205,1.972316742,0.904872775,1.458930612,0.615788162,0.355703115,0.263885736,0.046533126,1.810527563
Mozambique,Sub-Saharan Africa,8,0,0,163,40,48.6,33.9,35.2,28.1,75.5,66.9,16.6,57.1,42,65.4,78,35,50,3.5,32,32,20.2,33.2,29.5,36.7,3,5.6,1244,25,15.3,2293.1,102.2,4.623600006,0.079284087,4.778996944,4.468203068,7.069345951,0.723874032,54.20582199,0.864451885,0.032375868,0.683019102,1.972316742,0.178741366,0.955202878,0.324223638,0.56077534,0.220422104,0.163064316,2.221216202
Namibia,Sub-Saharan Africa,11,0,0,99,10,58.7,55.9,54.7,49.8,66.5,48.9,15.7,65.8,85.1,74.4,83,65,40,1,37,34,28.6,41.3,2.3,26.5,-1.2,3.6,11312,23.3,6.1,416,46.1,4.571100235,0.060983475,4.690628052,4.451572418,9.203141212,0.846880972,56.50148773,0.767520964,-0.18530646,0.851449788,1.972316742,0.84008199,1.245738149,0.40687117,0.444598973,0.076454483,0.054320343,1.503033161
Nepal,Asia-Pacific,5,0,0,136,34,53.8,39.2,34.7,26.2,84,83.7,98.5,61.8,47.9,69.4,60.4,10,30,12.3,25,25,18.7,23.3,29.3,78.6,7.5,4.3,2679,2.7,4.5,198,27.2,5.137199879,0.057692084,5.250276566,5.024123192,7.925357342,0.785512447,63.77917862,0.797565043,0.154168829,0.738099158,1.972316742,0.444050372,1.100789309,0.66887939,0.480608255,0.300971806,0.127502963,2.014386892
Papua New Guinea,Asia-Pacific,1,0,0,101,21,58.4,37.4,49,37.2,71.8,89.1,75.2,62.2,72.6,70,80.9,25,30,2,42,30,12.5,19.1,8.3,30.3,2.5,5.8,3675,2.7,5.2,-200.5,32.6,,,,,,,,,,,,,,,,,,
Saint Lucia,Sub-Saharan Africa,13,0,0,32,2,71.1,72.2,83.2,67.9,79.8,79.4,86.3,56.2,82.2,76.1,70.4,60,40,7.3,30,30,15,26.2,11.8,24.6,6.1,6.7,11025,1.3,4.8,366.2,40.6,,,,,,,,,,,,,,,,,,
Saint Vincent and the Grenadines,Americas,1,0,0,55,10,65.8,36.5,63.8,50.5,71.2,74.3,85,76.5,73.5,82.2,66.6,70,40,9.2,32.5,33,27.1,29.3,0.1,1.3,1,1.1,11491,18.3,2,87.1,80.8,,,,,,,,,,,,,,,,,,
Senegal,Sub-Saharan Africa,175,0,0,117,16,56.3,47.8,40.4,40.3,70.8,73.3,60,53.3,39.4,78.2,72,60,40,9,40,30,20.4,29.8,15.9,43.2,7.2,5.6,2727,4.9,1.4,532.3,61.2,4.980800152,0.05276908,5.084227562,4.877372742,8.118982315,0.723616004,59.59915161,0.690596163,-0.052335154,0.808785141,1.972316742,0.504061818,0.95459342,0.518391907,0.352400899,0.164397135,0.081865937,2.405123949
Seychelles,Sub-Saharan Africa,10,0,0,87,6,61.4,58.2,37.5,39.2,76.3,60.3,92,63.3,63.2,80,81.4,55,30,4.3,15,33,32.6,36.4,0.1,2.7,4.2,4.9,28779,0,2.9,191.9,63.3,,,,,,,,,,,,,,,,,,
Slovakia,Europe,363,0,0,65,32,65,68.5,37.2,37.7,78.6,46.1,87.2,61.3,53.4,78.6,86,75,70,2,25,21,32.7,42.4,5.4,179.4,3.4,3,33025,8.1,1.3,2276.7,50.4,6.280600071,0.03889757,6.35683918,6.204360962,10.34774971,0.922493756,68.90634155,0.749952674,-0.124409303,0.918096125,1.972316742,1.194837689,1.424331188,0.853465259,0.423542529,0.116729774,0.011291441,2.256422043
Somalia,Sub-Saharan Africa,5,0,0,,,,33.7,26.6,7.9,,,,31.7,,,,,,,,,0,,14.3,18.7,1.8,2.2,481.83,6,0,384,,,,,,,,,,,,,,,,,,,
Suriname,Americas,9,0,0,165,28,48.1,49.1,22.2,35.5,70.9,77.2,9.6,48.3,73.5,56,64.6,40,30,10.2,38,36,13.2,27.6,0.6,8.5,0,-0.9,14606,8.1,22,-87.3,72.1,,,,,,,,,,,,,,,,,,
Timor-Leste,Asia-Pacific,1,0,0,172,42,44.2,29.7,13.1,32.1,96.3,0.9,20,60.5,58.8,79.5,75,45,20,2.5,10,10,13.1,57.5,1.2,6.8,-0.5,3.1,5444,3.4,0.6,6.7,0,,,,,,,,,,,,,,,,,,
Uganda,Sub-Saharan Africa,44,0,0,95,8,59.7,42.2,38.5,25.4,73.3,88.7,68.6,46.3,83.2,80.1,75.4,55,40,7.3,40,30,12.9,19.4,37.7,88.7,4.5,4.3,2354,2.1,5.6,699.7,39,4.43200016,0.068495452,4.566251278,4.297749043,7.500389576,0.764994621,55.70820236,0.731713951,0.099487431,0.836737812,1.972316742,0.312337428,1.052327394,0.378311664,0.401682556,0.264807373,0.063818842,1.958671093
Vietnam,Asia-Pacific,212,0,0,128,30,55.3,49.8,40.3,34,79.7,74.1,40.7,63.5,62.8,68.9,79.2,30,40,2.9,35,22,18,29.4,93.6,647.4,6.8,6.2,6913,2.1,3.5,14100,58.2,5.353499889,0.033800762,5.41974926,5.287250519,8.809545517,0.849987149,67.9527359,0.939592957,-0.094533332,0.79642123,1.972316742,0.718092382,1.253074765,0.819133997,0.650835574,0.136488721,0.089848459,1.685977936
Zambia,Sub-Saharan Africa,35,0,0,138,27,53.6,45,35.6,32.3,72.3,80.1,12.3,71.1,46,70.3,72.6,55,50,6.2,35,35,17.9,25.8,17.2,68.9,3.6,4,3996,7.8,6.6,1091.2,62.2,3.759399891,0.06067669,3.878326178,3.640473604,8.224720001,0.698824465,55.29937744,0.806500256,0.078037128,0.801289678,1.972316742,0.536833763,0.896037281,0.36359334,0.49131754,0.250620902,0.086705238,1.134339333
